country_code,country,sex_code,sex,year,value,status_flag,note,updated_at
DK,Denmark,T,all,2011,73.23,,,2026-06-08T23:00:00+0200
DK,Denmark,T,all,2012,75.31,,,2026-06-08T23:00:00+0200
DK,Denmark,T,all,2013,71.95,,,2026-06-08T23:00:00+0200
DK,Denmark,T,all,2014,71.67,,,2026-06-08T23:00:00+0200
DK,Denmark,T,all,2015,68.74,,,2026-06-08T23:00:00+0200
DK,Denmark,T,all,2016,66.76,,,2026-06-08T23:00:00+0200
DK,Denmark,T,all,2017,65.99,,,2026-06-08T23:00:00+0200
DK,Denmark,T,all,2018,60.88,,,2026-06-08T23:00:00+0200
DK,Denmark,T,all,2019,61.79,,,2026-06-08T23:00:00+0200
DK,Denmark,T,all,2020,57.16,,,2026-06-08T23:00:00+0200
DK,Denmark,T,all,2021,56.52,,,2026-06-08T23:00:00+0200
DK,Denmark,T,all,2022,55.63,,,2026-06-08T23:00:00+0200
DK,Denmark,T,all,2023,53.85,,,2026-06-08T23:00:00+0200
DK,Denmark,F,female,2011,65.76,,,2026-06-08T23:00:00+0200
DK,Denmark,F,female,2012,65.94,,,2026-06-08T23:00:00+0200
DK,Denmark,F,female,2013,63.73,,,2026-06-08T23:00:00+0200
DK,Denmark,F,female,2014,62.3,,,2026-06-08T23:00:00+0200
DK,Denmark,F,female,2015,61.6,,,2026-06-08T23:00:00+0200
DK,Denmark,F,female,2016,60.23,,,2026-06-08T23:00:00+0200
DK,Denmark,F,female,2017,59.08,,,2026-06-08T23:00:00+0200
DK,Denmark,F,female,2018,55.66,,,2026-06-08T23:00:00+0200
DK,Denmark,F,female,2019,57.97,,,2026-06-08T23:00:00+0200
DK,Denmark,F,female,2020,53.05,,,2026-06-08T23:00:00+0200
DK,Denmark,F,female,2021,52.33,,,2026-06-08T23:00:00+0200
DK,Denmark,F,female,2022,52.25,,,2026-06-08T23:00:00+0200
DK,Denmark,F,female,2023,49.54,,,2026-06-08T23:00:00+0200
DK,Denmark,M,male,2011,83.86,,,2026-06-08T23:00:00+0200
DK,Denmark,M,male,2012,88.97,,,2026-06-08T23:00:00+0200
DK,Denmark,M,male,2013,83.5,,,2026-06-08T23:00:00+0200
DK,Denmark,M,male,2014,84.47,,,2026-06-08T23:00:00+0200
DK,Denmark,M,male,2015,79.8,,,2026-06-08T23:00:00+0200
DK,Denmark,M,male,2016,76.04,,,2026-06-08T23:00:00+0200
DK,Denmark,M,male,2017,75.21,,,2026-06-08T23:00:00+0200
DK,Denmark,M,male,2018,68.5,,,2026-06-08T23:00:00+0200
DK,Denmark,M,male,2019,67.46,,,2026-06-08T23:00:00+0200
DK,Denmark,M,male,2020,62.82,,,2026-06-08T23:00:00+0200
DK,Denmark,M,male,2021,62.06,,,2026-06-08T23:00:00+0200
DK,Denmark,M,male,2022,60.92,,,2026-06-08T23:00:00+0200
DK,Denmark,M,male,2023,59.88,,,2026-06-08T23:00:00+0200
FI,Finland,T,all,2011,40.52,,,2026-06-08T23:00:00+0200
FI,Finland,T,all,2012,40.77,,,2026-06-08T23:00:00+0200
FI,Finland,T,all,2013,40.96,,,2026-06-08T23:00:00+0200
FI,Finland,T,all,2014,39.04,,,2026-06-08T23:00:00+0200
FI,Finland,T,all,2015,39.65,,,2026-06-08T23:00:00+0200
FI,Finland,T,all,2016,39.38,,,2026-06-08T23:00:00+0200
FI,Finland,T,all,2017,38.66,,,2026-06-08T23:00:00+0200
FI,Finland,T,all,2018,37.98,,,2026-06-08T23:00:00+0200
FI,Finland,T,all,2019,38.59,,,2026-06-08T23:00:00+0200
FI,Finland,T,all,2020,36.66,,,2026-06-08T23:00:00+0200
FI,Finland,T,all,2021,37.0,,,2026-06-08T23:00:00+0200
FI,Finland,T,all,2022,37.25,,,2026-06-08T23:00:00+0200
FI,Finland,T,all,2023,33.63,,,2026-06-08T23:00:00+0200
FI,Finland,F,female,2011,22.79,,,2026-06-08T23:00:00+0200
FI,Finland,F,female,2012,24.35,,,2026-06-08T23:00:00+0200
FI,Finland,F,female,2013,23.74,,,2026-06-08T23:00:00+0200
FI,Finland,F,female,2014,24.95,,,2026-06-08T23:00:00+0200
FI,Finland,F,female,2015,24.41,,,2026-06-08T23:00:00+0200
FI,Finland,F,female,2016,24.24,,,2026-06-08T23:00:00+0200
FI,Finland,F,female,2017,23.47,,,2026-06-08T23:00:00+0200
FI,Finland,F,female,2018,24.25,,,2026-06-08T23:00:00+0200
FI,Finland,F,female,2019,24.59,,,2026-06-08T23:00:00+0200
FI,Finland,F,female,2020,25.15,,,2026-06-08T23:00:00+0200
FI,Finland,F,female,2021,24.56,,,2026-06-08T23:00:00+0200
FI,Finland,F,female,2022,25.3,,,2026-06-08T23:00:00+0200
FI,Finland,F,female,2023,24.59,,,2026-06-08T23:00:00+0200
FI,Finland,M,male,2011,65.87,,,2026-06-08T23:00:00+0200
FI,Finland,M,male,2012,63.65,,,2026-06-08T23:00:00+0200
FI,Finland,M,male,2013,64.89,,,2026-06-08T23:00:00+0200
FI,Finland,M,male,2014,59.48,,,2026-06-08T23:00:00+0200
FI,Finland,M,male,2015,60.69,,,2026-06-08T23:00:00+0200
FI,Finland,M,male,2016,60.59,,,2026-06-08T23:00:00+0200
FI,Finland,M,male,2017,59.47,,,2026-06-08T23:00:00+0200
FI,Finland,M,male,2018,56.06,,,2026-06-08T23:00:00+0200
FI,Finland,M,male,2019,57.67,,,2026-06-08T23:00:00+0200
FI,Finland,M,male,2020,52.44,,,2026-06-08T23:00:00+0200
FI,Finland,M,male,2021,53.52,,,2026-06-08T23:00:00+0200
FI,Finland,M,male,2022,52.57,,,2026-06-08T23:00:00+0200
FI,Finland,M,male,2023,45.15,,,2026-06-08T23:00:00+0200
IS,Iceland,T,all,2011,62.34,,,2026-06-08T23:00:00+0200
IS,Iceland,T,all,2012,64.03,,,2026-06-08T23:00:00+0200
IS,Iceland,T,all,2013,56.77,,,2026-06-08T23:00:00+0200
IS,Iceland,T,all,2014,55.81,,,2026-06-08T23:00:00+0200
IS,Iceland,T,all,2015,48.75,,,2026-06-08T23:00:00+0200
IS,Iceland,T,all,2016,61.88,,,2026-06-08T23:00:00+0200
IS,Iceland,T,all,2017,48.88,,,2026-06-08T23:00:00+0200
IS,Iceland,T,all,2018,49.82,,,2026-06-08T23:00:00+0200
IS,Iceland,T,all,2019,45.94,,,2026-06-08T23:00:00+0200
IS,Iceland,T,all,2020,43.76,,,2026-06-08T23:00:00+0200
IS,Iceland,T,all,2021,43.74,,,2026-06-08T23:00:00+0200
IS,Iceland,T,all,2022,51.89,,,2026-06-08T23:00:00+0200
IS,Iceland,T,all,2023,40.54,,,2026-06-08T23:00:00+0200
IS,Iceland,F,female,2011,58.72,,,2026-06-08T23:00:00+0200
IS,Iceland,F,female,2012,63.4,,,2026-06-08T23:00:00+0200
IS,Iceland,F,female,2013,54.73,,,2026-06-08T23:00:00+0200
IS,Iceland,F,female,2014,53.17,,,2026-06-08T23:00:00+0200
IS,Iceland,F,female,2015,55.05,,,2026-06-08T23:00:00+0200
IS,Iceland,F,female,2016,61.92,,,2026-06-08T23:00:00+0200
IS,Iceland,F,female,2017,46.16,,,2026-06-08T23:00:00+0200
IS,Iceland,F,female,2018,49.57,,,2026-06-08T23:00:00+0200
IS,Iceland,F,female,2019,50.15,,,2026-06-08T23:00:00+0200
IS,Iceland,F,female,2020,44.71,,,2026-06-08T23:00:00+0200
IS,Iceland,F,female,2021,42.73,,,2026-06-08T23:00:00+0200
IS,Iceland,F,female,2022,56.76,,,2026-06-08T23:00:00+0200
IS,Iceland,F,female,2023,46.65,,,2026-06-08T23:00:00+0200
IS,Iceland,M,male,2011,68.44,,,2026-06-08T23:00:00+0200
IS,Iceland,M,male,2012,66.37,,,2026-06-08T23:00:00+0200
IS,Iceland,M,male,2013,59.35,,,2026-06-08T23:00:00+0200
IS,Iceland,M,male,2014,59.84,,,2026-06-08T23:00:00+0200
IS,Iceland,M,male,2015,42.67,,,2026-06-08T23:00:00+0200
IS,Iceland,M,male,2016,61.44,,,2026-06-08T23:00:00+0200
IS,Iceland,M,male,2017,52.09,,,2026-06-08T23:00:00+0200
IS,Iceland,M,male,2018,50.32,,,2026-06-08T23:00:00+0200
IS,Iceland,M,male,2019,41.38,,,2026-06-08T23:00:00+0200
IS,Iceland,M,male,2020,44.54,,,2026-06-08T23:00:00+0200
IS,Iceland,M,male,2021,45.99,,,2026-06-08T23:00:00+0200
IS,Iceland,M,male,2022,47.92,,,2026-06-08T23:00:00+0200
IS,Iceland,M,male,2023,34.18,,,2026-06-08T23:00:00+0200
NO,Norway,T,all,2011,54.09,,,2026-06-08T23:00:00+0200
NO,Norway,T,all,2012,53.14,,,2026-06-08T23:00:00+0200
NO,Norway,T,all,2013,52.45,,,2026-06-08T23:00:00+0200
NO,Norway,T,all,2014,50.48,,,2026-06-08T23:00:00+0200
NO,Norway,T,all,2015,49.83,,,2026-06-08T23:00:00+0200
NO,Norway,T,all,2016,50.37,,,2026-06-08T23:00:00+0200
NO,Norway,T,all,2017,47.09,,,2026-06-08T23:00:00+0200
NO,Norway,T,all,2018,47.36,,,2026-06-08T23:00:00+0200
NO,Norway,T,all,2019,44.88,,,2026-06-08T23:00:00+0200
NO,Norway,T,all,2020,44.64,,,2026-06-08T23:00:00+0200
NO,Norway,T,all,2021,43.89,,,2026-06-08T23:00:00+0200
NO,Norway,T,all,2022,43.07,,,2026-06-08T23:00:00+0200
NO,Norway,T,all,2023,40.77,,,2026-06-08T23:00:00+0200
NO,Norway,F,female,2011,42.0,,,2026-06-08T23:00:00+0200
NO,Norway,F,female,2012,42.37,,,2026-06-08T23:00:00+0200
NO,Norway,F,female,2013,43.28,,,2026-06-08T23:00:00+0200
NO,Norway,F,female,2014,41.86,,,2026-06-08T23:00:00+0200
NO,Norway,F,female,2015,41.83,,,2026-06-08T23:00:00+0200
NO,Norway,F,female,2016,43.76,,,2026-06-08T23:00:00+0200
NO,Norway,F,female,2017,39.84,,,2026-06-08T23:00:00+0200
NO,Norway,F,female,2018,41.65,,,2026-06-08T23:00:00+0200
NO,Norway,F,female,2019,41.07,,,2026-06-08T23:00:00+0200
NO,Norway,F,female,2020,39.02,,,2026-06-08T23:00:00+0200
NO,Norway,F,female,2021,39.12,,,2026-06-08T23:00:00+0200
NO,Norway,F,female,2022,37.24,,,2026-06-08T23:00:00+0200
NO,Norway,F,female,2023,35.82,,,2026-06-08T23:00:00+0200
NO,Norway,M,male,2011,70.56,,,2026-06-08T23:00:00+0200
NO,Norway,M,male,2012,67.8,,,2026-06-08T23:00:00+0200
NO,Norway,M,male,2013,65.08,,,2026-06-08T23:00:00+0200
NO,Norway,M,male,2014,62.25,,,2026-06-08T23:00:00+0200
NO,Norway,M,male,2015,60.44,,,2026-06-08T23:00:00+0200
NO,Norway,M,male,2016,59.65,,,2026-06-08T23:00:00+0200
NO,Norway,M,male,2017,56.91,,,2026-06-08T23:00:00+0200
NO,Norway,M,male,2018,54.65,,,2026-06-08T23:00:00+0200
NO,Norway,M,male,2019,50.3,,,2026-06-08T23:00:00+0200
NO,Norway,M,male,2020,51.97,,,2026-06-08T23:00:00+0200
NO,Norway,M,male,2021,50.38,,,2026-06-08T23:00:00+0200
NO,Norway,M,male,2022,50.79,,,2026-06-08T23:00:00+0200
NO,Norway,M,male,2023,46.93,,,2026-06-08T23:00:00+0200
SE,Sweden,T,all,2011,40.07,,,2026-06-08T23:00:00+0200
SE,Sweden,T,all,2012,38.99,,,2026-06-08T23:00:00+0200
SE,Sweden,T,all,2013,38.83,,,2026-06-08T23:00:00+0200
SE,Sweden,T,all,2014,38.65,,,2026-06-08T23:00:00+0200
SE,Sweden,T,all,2015,37.49,,,2026-06-08T23:00:00+0200
SE,Sweden,T,all,2016,37.58,,,2026-06-08T23:00:00+0200
SE,Sweden,T,all,2017,37.95,,,2026-06-08T23:00:00+0200
SE,Sweden,T,all,2018,35.27,,,2026-06-08T23:00:00+0200
SE,Sweden,T,all,2019,34.27,,,2026-06-08T23:00:00+0200
SE,Sweden,T,all,2020,33.53,,,2026-06-08T23:00:00+0200
SE,Sweden,T,all,2021,32.52,,,2026-06-08T23:00:00+0200
SE,Sweden,T,all,2022,31.73,,,2026-06-08T23:00:00+0200
SE,Sweden,T,all,2023,31.51,,,2026-06-08T23:00:00+0200
SE,Sweden,F,female,2011,35.03,,,2026-06-08T23:00:00+0200
SE,Sweden,F,female,2012,34.49,,,2026-06-08T23:00:00+0200
SE,Sweden,F,female,2013,35.89,,,2026-06-08T23:00:00+0200
SE,Sweden,F,female,2014,36.38,,,2026-06-08T23:00:00+0200
SE,Sweden,F,female,2015,35.06,,,2026-06-08T23:00:00+0200
SE,Sweden,F,female,2016,35.11,,,2026-06-08T23:00:00+0200
SE,Sweden,F,female,2017,36.18,,,2026-06-08T23:00:00+0200
SE,Sweden,F,female,2018,33.97,,,2026-06-08T23:00:00+0200
SE,Sweden,F,female,2019,34.11,,,2026-06-08T23:00:00+0200
SE,Sweden,F,female,2020,32.81,,,2026-06-08T23:00:00+0200
SE,Sweden,F,female,2021,32.76,,,2026-06-08T23:00:00+0200
SE,Sweden,F,female,2022,32.48,,,2026-06-08T23:00:00+0200
SE,Sweden,F,female,2023,32.57,,,2026-06-08T23:00:00+0200
SE,Sweden,M,male,2011,47.03,,,2026-06-08T23:00:00+0200
SE,Sweden,M,male,2012,45.37,,,2026-06-08T23:00:00+0200
SE,Sweden,M,male,2013,43.34,,,2026-06-08T23:00:00+0200
SE,Sweden,M,male,2014,42.05,,,2026-06-08T23:00:00+0200
SE,Sweden,M,male,2015,41.09,,,2026-06-08T23:00:00+0200
SE,Sweden,M,male,2016,41.42,,,2026-06-08T23:00:00+0200
SE,Sweden,M,male,2017,40.96,,,2026-06-08T23:00:00+0200
SE,Sweden,M,male,2018,37.61,,,2026-06-08T23:00:00+0200
SE,Sweden,M,male,2019,35.23,,,2026-06-08T23:00:00+0200
SE,Sweden,M,male,2020,34.96,,,2026-06-08T23:00:00+0200
SE,Sweden,M,male,2021,33.06,,,2026-06-08T23:00:00+0200
SE,Sweden,M,male,2022,31.64,,,2026-06-08T23:00:00+0200
SE,Sweden,M,male,2023,31.03,,,2026-06-08T23:00:00+0200
